source_path,disposition,target_topics
__root__,collection-only,
accessibility,retain,accessibility
action-button,retain,action-button
action-sheets,retain,action-sheets
activity-rings,retain,activity-rings
activity-views,retain,activity-views
airplay,retain,airplay
alerts,retain,alerts
always-on,retain,always-on
app-clips,retain,app-clips
app-icons,retain,app-icons
app-shortcuts,retain,app-shortcuts
apple-pay,retain,apple-pay
apple-pencil-and-scribble,retain,apple-pencil-and-scribble
augmented-reality,retain,augmented-reality
boxes,retain,boxes
branding,retain,branding
buttons,retain,buttons
camera-control,retain,camera-control
carekit,retain,carekit
carplay,retain,carplay
charting-data,retain,charting-data
charts,retain,charts
collaboration-and-sharing,retain,collaboration-and-sharing
collections,retain,collections
color,retain,color
color-wells,retain,color-wells
column-views,retain,column-views
combo-boxes,retain,combo-boxes
complications,retain,complications
components,collection-only,
components/layout-and-organization/tab-views,alias,tab-views
components/presentation/page-controls,alias,page-controls
components/system-experiences/complications,alias,complications
content,collection-only,
context-menus,retain,context-menus
controls,retain,controls
dark-mode,retain,dark-mode
design-principles,retain,design-principles
designing-for-games,retain,designing-for-games
designing-for-ios,retain,designing-for-ios
designing-for-ipados,retain,designing-for-ipados
designing-for-iphone-duo,retain,designing-for-iphone-duo
designing-for-macos,retain,designing-for-macos
designing-for-tvos,retain,designing-for-tvos
designing-for-visionos,retain,designing-for-visionos
designing-for-watchos,retain,designing-for-watchos
digit-entry-views,retain,digit-entry-views
digital-crown,retain,digital-crown
disclosure-controls,retain,disclosure-controls
dock-menus,retain,dock-menus
drag-and-drop,retain,drag-and-drop
edit-menus,retain,edit-menus
entering-data,retain,entering-data
eyes,retain,eyes
feedback,retain,feedback
file-management,retain,file-management
focus-and-selection,retain,focus-and-selection
foundations,collection-only,
game-center,retain,game-center
game-controls,retain,game-controls
gauges,retain,gauges
generative-ai,retain,generative-ai
gestures,retain,gestures
getting-started,collection-only,
going-full-screen,retain,going-full-screen
gyro-and-accelerometer,retain,gyro-and-accelerometer
healthkit,retain,healthkit
home-screen-quick-actions,retain,home-screen-quick-actions
homekit,retain,homekit
icloud,retain,icloud
icons,retain,icons
id-verifier,retain,id-verifier
image-views,retain,image-views
image-wells,retain,image-wells
images,retain,images
imessage-apps-and-stickers,retain,imessage-apps-and-stickers
immersive-experiences,retain,immersive-experiences
in-app-purchase,retain,in-app-purchase
inclusion,retain,inclusion
inputs,collection-only,
keyboards,retain,keyboards
labels,retain,labels
launching,retain,launching
layout,retain,layout
layout-and-organization,collection-only,
lists-and-tables,retain,lists-and-tables
live-activities,retain,live-activities
live-photos,retain,live-photos
live-viewing-apps,retain,live-viewing-apps
loading,retain,loading
lockups,retain,lockups
mac-catalyst,retain,mac-catalyst
machine-learning,retain,machine-learning
managing-accounts,retain,managing-accounts
managing-notifications,merge,notifications
maps,retain,maps
materials,retain,materials
menus,retain,menus
menus-and-actions,collection-only,
modality,retain,modality
motion,retain,motion
multitasking,retain,multitasking
navigation-and-search,collection-only,
nearby-interactions,retain,nearby-interactions
nfc,retain,nfc
notifications,retain,notifications
offering-help,retain,offering-help
onboarding,retain,onboarding
ornaments,retain,ornaments
outline-views,retain,outline-views
page-controls,retain,page-controls
panels,retain,panels
path-controls,retain,path-controls
patterns,collection-only,
photo-editing,retain,photo-editing
pickers,retain,pickers
playing-audio,retain,playing-audio
playing-haptics,retain,playing-haptics
playing-video,retain,playing-video
pointing-devices,retain,pointing-devices
pop-up-buttons,retain,pop-up-buttons
popovers,retain,popovers
presentation,collection-only,
printing,retain,printing
privacy,retain,privacy
progress-indicators,retain,progress-indicators
pull-down-buttons,retain,pull-down-buttons
rating-indicators,retain,rating-indicators
ratings-and-reviews,retain,ratings-and-reviews
remotes,retain,remotes
researchkit,retain,researchkit
right-to-left,retain,right-to-left
scroll-views,retain,scroll-views
search-fields,retain,search-fields
searching,retain,searching
segmented-controls,retain,segmented-controls
selection-and-input,collection-only,
settings,retain,settings
sf-symbols,retain,sf-symbols
shareplay,retain,shareplay
shazamkit,retain,shazamkit
sheets,retain,sheets
sidebars,retain,sidebars
sign-in-with-apple,retain,sign-in-with-apple
siri,retain,siri
sliders,retain,sliders
snippets,retain,snippets
spatial-interactions,alias,nearby-interactions
spatial-layout,retain,spatial-layout
split-views,retain,split-views
status,collection-only,
status-bars,retain,status-bars
steppers,retain,steppers
system-experiences,collection-only,
tab-bars,retain,tab-bars
tab-views,retain,tab-views
tap-to-pay-on-iphone,retain,tap-to-pay-on-iphone
technologies,collection-only,
text-fields,retain,text-fields
text-views,retain,text-views
the-menu-bar,retain,the-menu-bar
toggles,retain,toggles
token-fields,retain,token-fields
toolbars,retain,toolbars
top-shelf,retain,top-shelf
typography,retain,typography
undo-and-redo,retain,undo-and-redo
virtual-keyboards,retain,virtual-keyboards
voiceover,retain,voiceover
wallet,retain,wallet
watch-faces,retain,watch-faces
web-views,retain,web-views
widgets,retain,widgets
windows,retain,windows
workouts,retain,workouts
writing,retain,writing
