topic,status,sha256,source_words,output_words,reduction_percent,o200k_full_tokens,cl100k_full_tokens,source_pages,source_native_sha256,source_json_sha256
accessibility,pass,87f8d46f4dcb3691358bd0b4e8e71a260cebc5fedadc7d82dc14f09d21f2c8f0,3142,989,68.523,1782,1768,accessibility,0da3652d786377a23e71af62895690b91e3b05f80cbffdd9759e7914ed5055f2,be49ec0b34397f356a1e3fd8c7ad323713198515523947097913cb9c57da699b
action-button,pass,9920cf58ad6fd5cd4246523cea15c558f766da9f89a45363864c2f66199fcf87,728,268,63.187,472,470,action-button,d185aeb1eaa43675ea084b26620b0dcdc84abdc30a1a23fbec65ac1107e8c573,0b5b8f0e68140d183a8dd670fd13e9ad97c89894b4525015445173ec76288299
action-sheets,pass,7b38a978c0277c5723a0c0992b6a55c58abee94eef206e05710cd3ea1c0a926a,689,227,67.054,465,462,action-sheets,ccff443fd853ab08397cd0a2892c76055261a7c95a216a4875f43fc77cbe804d,d6dd08cc6fcd7b4a285f8c43b4bb47ecdac5274debce3b9abc54ea386c498494
activity-rings,pass,0cfd3b4f5e3121046954912432090f6b92a327d6e1048921ba3a363a7135f37a,938,406,56.716,682,686,activity-rings,2447bced58a853ae2edfec9c67d5a5c18ac01534b9effaec5bbc525ac6df8865,9a9f1c2141665892a1d57121c4e339c423f09a10382fb6f4579655c8517e7c62
activity-views,pass,f40cdfb605ca3501e3594f27ec7f093d27f07ab842a5a1f4cf1e2728572c7c56,1099,366,66.697,598,587,activity-views,24f28605452c823b339f2359ac489c823f9ff4ca37031f38796c4df85a13a529,ce1b7686d53deb6a1f3cf31eca2993053075503e6d10a6e0ae5e3f42cb6692a6
airplay,pass,51747b7da8aa0c3715dc7aa010a37b2ecceda48b07784eec03a13fe4fce6ff82,1158,418,63.903,742,742,airplay,c877c45d1889dfa530e5b3ffc55e4df68f23aa0deace9365df32e57e09d0b8a9,72bf4d29dd6fd5c9ee53e4c284d055bbd126c408fb061b840b94b6589ba95e91
alerts,pass,082bf02cf2ad92fa6935860a20d79fc108c9f90a6a3c94cacc2e76351f7af69a,1644,549,66.606,945,943,alerts,2541c7638a29dd0e68c1985bc44b807a519408a77d47b8a9c7d323991afdb243,ca60f14c249290f1dcebe8bbaedde16183e3759f5a53238085915795e2e4dbdc
always-on,pass,7a7c0e480240d7194669a1598bed740628874d4480fe8ee26581c69a4de00610,531,185,65.16,372,372,always-on,395355d1f6d091bd5aaf1f3807e68952fcb0c565f202708ea08dfa50b2c0e74b,c2dc9fe1fbfd54a7a1eca1b763adb053e7895d3a486166c48c6d97b017b8fe9e
app-clips,pass,b8c17e8a3a1cb6f5bf8bfeef9c800000bea30e2709d13cc084c129d980e3d308,5545,1678,69.739,2430,2466,app-clips,39a389f184121ada91c5b3b2afebb7cef9ebb6a0a12c0aadd15f85159acd4ae3,a8db2130bcb9e3ad5f8d25e59ae02ff4d5ebc0c1e50613470a01011f2f877613
app-icons,pass,61a155df6b8aff050525112838e234e315418e211733e62b4bb5a468394a066f,2491,869,65.114,1590,1588,app-icons,b490eb94a5ae21aabb9a09b8e3aa731e5a69b1da24846cb5b82094fda24133a4,5f67bb7b1e2405ee03526ab83c3f75b63b28473ce39ebf10848655908e2712f7
app-shortcuts,pass,2465d376b24dfd7f26f66de059abafb0cbfb43a1abb598ff2b10a0f81cfc9561,1262,433,65.689,741,743,app-shortcuts,223391273a8b9d20a4be9388c9703f785cc38bc8373d7d86e96888efada0a897,26ffd9677b5c4e62efcb480d40e5748180ebf18755fdf9ee26295b7981ecf3df
apple-pay,pass,2f835c759a3b5f62c7a6c37b2fff5446298d462006c54c6d2c48fefa739999c4,5225,1938,62.909,2929,2964,apple-pay,fec5d60dedbd58668981ce679a9961025b187c3511ed36cf1f55dbcc1acd3d0a,0a45bc68d67bc6e187f0100f3cfdbacc7a63e38b9529cf0d199352a1194b66b6
apple-pencil-and-scribble,pass,f1eb5204ddbe388a8aab2d5534944b5d9fb5dd23a6b36728b3a59a7c2166da84,2600,833,67.962,1378,1390,apple-pencil-and-scribble,77cb772537776a21df81939593fb4b5d80efea4adabb7838306f608f5c8e457c,3839a275eb10efc4545a306d3b4fb180cb4265abf4f1fb847a79e5ea37da407d
augmented-reality,pass,d4a44fec1bb4def6c08f553ced73659ac493e103d15ee5bff115b69615ec8da4,4228,1459,65.492,2153,2180,augmented-reality,cdd12ae3fb28cc6e2e7034b2d6932ee5d8b62b57d5a3796c31079c5f493023f1,173c1b6d97063d29ff5eae0bfa58e76678f2972415ac70e7558a3b7885b2a12f
boxes,pass,c9cdd146eeb6d45ee1dd4e6555531f581531b1b429efce27e8edfb6c60b64b2e,279,164,41.219,362,358,boxes,c5052796f1e255abc2c3092955f3f67f29968b9bccb11681635d2b383c20ca79,4fec245e6b9169673e1fef706d4261fb6cd3cf24a56de26718c88f141e514e1b
branding,pass,8288432263a16cf152c1bb92b313425127ffa46b6ee16825e93a99740ce4b203,648,337,47.994,637,646,branding,b1f39793530098d9142a4da56041c0f5044a4964804518b44902f1c1995d62ee,2251b5c75eeaae25282ba10257cf26a3f5c92b01fb253f39010e610bcc8fce60
buttons,pass,8196b491dd97354fdb0b1d2c8476a600bb6c33ebf233368b2b888ee376074724,2866,901,68.562,1559,1581,buttons,a7b9261fdb21bc6b18038d95ed8df547a718903fdb9dcf6817e774c14435b654,fb450f96dd7a201a0203852782252942ee6d72978e0baaec1cb4c400568fed91
camera-control,pass,b8f0e8869869e64f77dbd845de29a404a48df7636773dd5501ecd8e2d3a967c1,943,393,58.324,835,827,camera-control,a8f3a228c08ad4c25952e2046993036c917d6633521ebeda64cbe0f5119d9b7f,7d0d4c3e1eebfb0304f46cc8c1e2ea7299eba168cd8fbe2b0d705d9118cd4f3b
carekit,pass,4ed6237c4b966ce4dfb22387e06a4284286c507c1b88449a0f69c711de2fea59,3098,1007,67.495,1657,1652,carekit,994fecab6b3706111ed47aed661da379f0aba80aa541f040f6982e7b75eb632e,6d696909b32eb2260572081c496d751fa2157e19c65fe2b25094583ed4ccf2ed
carplay,pass,126ba8ab232cfb486f7917e02e88b7316a0e3db980c708adc32ec4a2d00bea14,1258,523,58.426,870,868,carplay,4fe90124bf9e0ebe4eed3670c2f5277d54d08cbab5638b1167a0f17d3fa3d32b,ad82dc60d7179fdb902569e4b703482985f7f9f41299dbd62fc3ab18401ffb10
charting-data,pass,bf7da901885bbfe3adf2936df6e788b8bdaaa850ef7169e4c0ba397a51b761c9,1188,323,72.811,528,535,charting-data,f1b86ebcc8ff1fd5bc089ee7a20e28b17c19f65334c04827579b33b84410f3fe,0b4a17ab5624a01728de636fb84da734c0f058a5db43e53e6a67f550c1bc305d
charts,pass,e04e58bc9afb249ccc76b583b53223941345d0ba01386286dcf85726987633c0,3427,988,71.17,1493,1491,charts,978a9f2771b32d09528d83f8727ee5e00cb6057cb327363ef49b2cfa68a749b2,206a83349e8a0bfcdd9ba647b995988ca7d464f8554c7fe93b7044dd8ced2ec5
collaboration-and-sharing,pass,cc1ac75600e1eacedfe531557612f8973975713407ac0e28bbefaeddef6b4117,1056,452,57.197,861,848,collaboration-and-sharing,dc81aac53998e24c7b6e6c09db3144eaa37a7c2c4c0d256ced0d547c0e72b900,f306a01b01ea6692383c2bc9a8f800a7ea7b28820c72b088a048e3ebe9f65a29
collections,pass,187bc342b650995d200e978bbc74cb32655afce90d0f9f9b1c2798b753af4725,311,194,37.621,453,445,collections,262841e01ad1fa20281c9b3cb856e792b906b1c4ca5976885ef8ca068b4dafe3,71304b9a6dfdf936b89fe4f5870ede9efe23b5ccb458871641e19b0651346830
color-wells,pass,db280090e020df57bbde9a5d3ffc5c645f83a5a6d3f36801f299f238d727ed17,217,154,29.032,412,400,color-wells,3cf2aa67c9ebbd7eb74f9c0e12582e2743402e9c1970329caacf347ba39a139f,5aadd45a4e38e27cf09ada9d6420969e9cc403920fb6b209f29873c1e4f6de3b
color,pass,14f3b13f8489d566ed54ef1ac0150ae2e8f45e6b11327cc5b3bf9dfbdb41a626,3781,1571,58.45,2760,2744,color,33df27ced563110058628f0ebab7399190cf6e195c8aa71d88b7cd06ea2d9896,262ce33cb88d41ac0238bf1e3f59b7957e8ddb030379c41b35a6cbdb9ab11a39
column-views,pass,29562bd3c5140804f6482d7f1dfbaee88de22c59c84dc72d4661ccdbced47fd7,312,184,41.026,434,427,column-views,1d2c9fafad9e8fc5740e251f066ae252a5fe1252ef5438ed8840f80d65797cab,8da488e1652ea4b1c37dd6aebc11f1698407666f7ab8fa4f7310e037a3c78506
combo-boxes,pass,c917f8f6f0e0c50688a03ea30d2b2a2857f4b81026322a8a805556d0a687c702,232,145,37.5,343,338,combo-boxes,1e48669ba5e7e0c751a4324a29a7702cb0d53561827cd9327dbf7d1c86acb863,b869cd6b69cc6bcc602267f9d2f3a3bdc93572697539604d4f71d1f684d6e4a1
complications,pass,54bd13382c75add7046084055928c30ca46d2d6f61f38790f66c84e98f62bf46,4642,1310,71.779,2785,2790,complications,9843e065a77b9544fd75b962c92dc1afdd27040ee854a92526697b13d4d41125,2d95765f9ffc5e568559ae20cc5a043facba35cef12c964f4fb5fa99456d528e
context-menus,pass,c02ef64b351b8c51d6cf876d5dc13cb44ac1cac6449f31d304a270feb4d86905,1305,441,66.207,952,938,context-menus,5935c35eee74d272a440123a9465605ed8b2780c365e128f7973db0b94597d7e,5f69e8ed0837ea976f5bd1e6b30f96b6b77587229c5fbee50d3967aa80c9c1a3
controls,pass,3890509690fe4932f94a4fc00ca8fe9cae6be4785f9451a5d784310862388bd5,1303,419,67.843,712,706,controls,c94a099e4b78721d5ca5ced80f0e5b4f2cabac88a83b8f8ff6dd452909e15b6c,9a73e3f7abd7da7a8e6965933a3c32e009aa2c134d4376abd9fc2831bf5f80b7
dark-mode,pass,633c41a17971b1037db25fefb92ee183034a4e1b7987e2eb8a935ca6e7e3ca22,1600,512,68.0,928,919,dark-mode,8ea0eaf7931a210516f661797c5496e0cda9109c763f087ad82e44e257f60e72,cf352a73655e616568441efefb295802ade3e7f34980f33c35f0ee778cf4f3e7
design-principles,pass,5b14d8e2e4e1a5a0d0e789016d90c7791ac0fe626d9d1d638f4997010afea5b0,1612,563,65.074,926,927,design-principles,1d58f4ac8c033025225560a953feeb8b51c25d9369a92aa0c210b0550453e3e2,69ea6425412bcb6410f8b6355e4d113c773731056e31b9ef730f07515045fa36
designing-for-games,pass,fae6fd5efdf7ad8c7c8985535d0d275bb0e2ea30d8633828d9cf221579ae7f78,1713,701,59.078,1236,1228,designing-for-games,34f03b3b2adbf7a1d74c3d0e54fd8ed6563c200cd1f76c74b33b112b9dec0d0b,8981bac8a81c555611d5083e70b9e05f426406c7fdc386f31dcaefb92d6853ff
designing-for-ios,pass,11c6c8572478ded3369771c6f96783d8e251b7a22a2db1b829b1c5ae20137958,481,160,66.736,327,325,designing-for-ios,de601c559c11e469a1fed11697bc3e935b37918b38d56cab94d0bb3a43a00ef7,e347649ffc2cdcdb755c0222454046d389eb539ee8c8c6e395b6c79ccf327d4f
designing-for-ipados,pass,165b81da9eff26b21c3fa6d0609305855b1891929ba57af2b0fc36b5798b8d84,425,155,63.529,330,328,designing-for-ipados,00594e638da7198ed6faead92ff2fe8a988c7fabdc3a70ef218300fb3e3ad15b,da31fa0184109666e95208f23519452d3c7a6c8b3ddca8e444e1b2427e6151b1
designing-for-iphone-duo,revised-2026-09-23,9474a898efd251b83d79315f93ef85bb9ff568c4e213bf94bee9a8ee1993d79e,2866,917,68.004,1611,1579,designing-for-iphone-duo,929d7f9eec7e7ec3c570a91cd561e71648298c777ee089edef406082bd3336ee,ff3be7c268db835b2b2513d1717433cf2b92ebc60576348d025d83b77fad2aea
designing-for-macos,pass,a5960b78e8bbd1fed3badfbb58c51485e6478107a9796d83d6912e864f4776a7,447,232,48.098,587,588,designing-for-macos,145ddd6d0d511952c359dd4b7418ded41f59b1f54a75089fc7cdc5585001df46,0df69cf12d79dd46a6ecb28c01207dbd9137958decec405870cf0008730bb88e
designing-for-tvos,pass,504e5df12f5ed585bc044aeab2e872567f9293ddd560471c5b2131f82e1b8f52,366,214,41.53,588,590,designing-for-tvos,20eccd14882001d445a61cb3fabed5740d79098846e18c61d5a03b4bf2a4c4fe,a5748cab2fbcd05e708c6958a7b18b8c5412c53a543ba165ae49ff374a18ba19
designing-for-visionos,pass,f3532fa5971ea86b910bbdbaf434f79b3ded41af10d257903103d64fcf786e6a,961,304,68.366,559,563,designing-for-visionos,70698dfdbaf2f75a08f6105be00de8fe83431e68812f998c4c3e95fef26d250d,1ac10b83d440922aa4033610dba9a9a0f18f14b80e49251ca1e8174491cde8cb
designing-for-watchos,pass,cb7b90d11a590d19636e98977566055522e250f93493273fce3a8ec8e3d66628,551,237,56.987,449,451,designing-for-watchos,c0b57e4ecc264f4cb77cd9a592e10a232d0df222e4ca262dba772c822a86ba31,7f7a256f1c9fe359b43191fbaacf3418acf0473e7dcc64d6e6fff619a97d0212
digit-entry-views,pass,115a0d80a2e83cf35986e6180e91e54ed82a8e82384f8368903e730a8a230832,130,94,27.692,273,265,digit-entry-views,5be649cd69e97e096c690b2de3fd25b89f5097c7e2da7ee2670c4c7dbe2c20cd,a1bb6229cc9858b765d0607768e03dee10b48fdb3de8a7e102c09c80433e8b84
digital-crown,pass,ab16461785fda30dc422370af8bab37e888f4c7fb9d62d2eed189ba0e4ebec32,767,328,57.236,644,638,digital-crown,06bd700592467e6c72d1b3728610fabf5fd00ad19318faf20f0785269aa48938,5b3ff81825ad3719bab9ab734285d5c7e2dedb7ed22fca9e7b73584ff960c905
disclosure-controls,pass,b83bb6af55d9c418ae5e615da0a1783609925ade304e08ce044e068960a150e7,545,257,52.844,652,645,disclosure-controls,2f9c3e4367497ee9452e268080b6dae178e7c12c835b8fd2a68f3bcd584d2bfe,824dbbf3779123a083d884dde1969853af381fa2b22f0d8bd9cbe626229a8bc3
dock-menus,pass,4fc112018144c1581464f094858f037310ba60c00f076c5fd317db7314521830,291,176,39.519,400,396,dock-menus,81e40125a7581455407be1b8013d7c0b440db440f9aee40c0d7e46b88905ff37,8c4951c93c797782c2bbbfa2ded3501ff188fcc70b046967ed29cde9ec264cec
drag-and-drop,pass,69187e62db844cf865154f9cb12c1b25b552470646c75e6018c71eba1976d47f,2303,704,69.431,1135,1128,drag-and-drop,b4a651e11be9ddedab79090cac4f790817fe5f1fc2171e743242b6a6a5eecaa9,58e6bc8e7043ec76fa0264046712c5bb385cd1ff6b67222a7c3ad68b2671cf6c
edit-menus,pass,fa4b8171de8be1cc86f64f68501c1840c93710668767729753690cde681f7ef2,874,293,66.476,590,585,edit-menus,3903d73c830068fc5bc0da28c07d88b490a087931e790a9176820ac7fb64778c,c90a3365aa4a2c6f955b414c2d81745db925d90a477e34a7323f264cc6d0d634
entering-data,pass,e3238f9b1885947888e64e9af161179e5f78e399565d22dbd89878066b462a38,659,251,61.912,477,474,entering-data,96748d9ca68474da5000afaa35cd23bed744d4d8df8799a343b8e22e4f138cb9,0c430bb7e33382add2b6c602261f719b7b39b1406dfcedb653755ebcb1116a09
eyes,pass,1a8ee941b49600731223d8ac5a2fcaeb34f930d61d510f797871e1840e8dd630,1602,591,63.109,873,881,eyes,05426eae54e943eafaa9043a00a636b286b0e84ab6350f0b237b265d2cd0507b,a964261953d92b187671f0b56f990e82c589e701ba83dddd90055253428803a6
feedback,pass,da05fc4a9468b75046815b042ff90daaa32d0b9e63d6097495eb42e6989c5b11,601,208,65.391,445,444,feedback,e7f88e172045a18218b38cfeadb8d2289ae65744bd279e0551517a56a3d9bafe,242973c86c0d632467b46aeee1ad59825b70e3e8893d190f16351d14097c872a
file-management,pass,7aef15e8305d90d51df848266f6b1b9a5976cdccd4b30c4876569dc7820e0ea7,1746,604,65.407,1143,1122,file-management,667855ee0c2e057f32860cf89c18158618e5c4886db78283090928f22eac5e24,de6f7fed0392cbddba5161d1c062252be577bf228a72565ba2e8e9e2b1aae8fb
focus-and-selection,pass,ac77045c03cdc6e1beb3262b5fe1bf8e204fb8b3421b6c24e49de1ca0adcf8b5,1889,604,68.025,1037,1040,focus-and-selection,6acb4b41a1544c06c626372b025726844c53563d47729f2d1b49b0fe18df88d5,376c122b5361748c0e51899ef0f75e46d143ebfd3a84308decd6bc09bb3b8872
game-center,pass,367531640124b10f04b800e7e4e5b13e8344eccccb360d431ee56ea253c62aec,2915,957,67.17,1594,1590,game-center,b32d75482b53fb98998b7d7cbb5ab1426fe9d4ac82bab96bc56997a40730e5ce,f7e838952dd8621384d94cbe25c5d421a19cea0de73da183edb0858f41d9fb84
game-controls,pass,e5f29421544bfdfc34ac0287edcd10dca6c0b2d19e460ced498d6cf032c7be1f,1882,712,62.168,1191,1184,game-controls,d0e44536be38c0243bd8c4c03ab1debad90a2a07aa875f8391e30d5f1de6fddc,6af93d91a10ff5c521aab4cfde1f0da7aa6b3944d27b6d14d081bd652a17e19f
gauges,pass,ca39c9e9590b57cc52c1d147e287763a1b5d51f78b944af84d932473cc15f7d0,648,245,62.191,453,455,gauges,d12194093e569f99b23a5c7bb6c865b79f0a246fd0814d739f2a76644171141b,b65e750890487f7e7ba727dd7cd9bdbfd3a4f9794f8fc8709d71d1fc47316766
generative-ai,pass,03d001fe94436295e1635043fa036d1b1565e12455d80e2cd9ebef001ff35a02,2444,825,66.244,1547,1539,generative-ai,fa73c1454867fc20405fb0118bc3f8716ca75ccfb9d5b6b4087caba7dba0e76c,f003d1fa454cc20a848315cb9155fccc6b234bd32467f2bb3ed0a5a5911159a9
gestures,pass,717767fceea27743da58742037dfd52c5de335e59c178e1a40ab9566519adc3a,2639,878,66.73,1470,1476,gestures,cd8d0da76c87c8b3d6741b620972742850d98df19f261f1a7a784555452b8031,b00a8249b271de1259554903322347ffbb10c75402c5a47c7b1ab1bf8598b8dc
going-full-screen,pass,391254ff6b1d73c95947c4cc70be2608715a73f11dcbe7b8bcfb50ae7faebef7,831,357,57.04,696,692,going-full-screen,87de7a17d3819bc8754671d8245fd638e588c3f25da0c2c808f3892678b264d0,776354918036d18e3c407f83971fe27a7c99e4558754a72b1bfeb14249fe615c
gyro-and-accelerometer,pass,6278fe5a647e1fc63aeffa6f6e95b1562fc998e8774bf8c170ef531b02c97397,242,192,20.661,464,458,gyro-and-accelerometer,344d34d423f80ace25435e012b48f479f6c49c6d64576d0933622d3fab4859b5,b634a43cde1a4e7ba93f76f549a1e8bf29008a5ebcc8b4509bd2ef844035ee94
healthkit,pass,d44f3f74449ec2ad035b9406d236dccd01326b2161f27d5855585d8d759c92d8,1504,546,63.697,945,941,healthkit,6ee0a729add5e0ec858a70d1ec6a4ac01dafe0a975b56dc6d8fc240f776247e9,72032c015fb0f48a0462c3805407305d49c5d53d055d17630018aa7e0c8f305f
home-screen-quick-actions,pass,b840bfc52fc2ba9d1005a5e6ad83df02d8bdfeda8ee637a6fe39fd3ecf34b667,504,210,58.333,408,404,home-screen-quick-actions,cd9db63317a88b3ed63123c0ca7072041871d6a08aa847d0a6030cc838878b9a,d423ac97ceebe7661853c69fa1fd20da9a84a53838f47bb1bddd8cdb6b7b0864
homekit,pass,8f82353254ebaa5e9a8505a8e624c336b7a00a06e07df5059b488673a40c1064,3922,1242,68.332,1965,1972,homekit,9016092380e5b028499992b4cfa6a4a0aaa98312305f62aa2d33bf3b5fe26a41,1195c8a155c236e36072fb4daafde1d1c815f482ad434fa89eebd60665a9f05c
icloud,pass,e8be312e52ea041d7e4655d324fbb556727b6ecc26e905cd3b68bbc530e79322,718,309,56.964,536,525,icloud,96788e8a4727fd66b8dc4944c45d7bba2d01204b62703d9f656962c933c2eb9e,83608ee962bafe40a9fa6a92e2feffc2a9a11fae3bc4691c3e6de49778cfb94d
icons,pass,3408afe661f5d41585f0705c96444374d7da9af7964f91004f16d51cd0ab8661,3022,905,70.053,1794,1794,icons,a099ab31596e3b2cf155db0f658384193cd3cc341d6076d82d91b087355c01e7,d78ccab0375c72e7dc30d29e47f346fb3c2daef233dd7aee938ea66cc5220de5
id-verifier,pass,fdf7991f79679df02270ac1428a0e4cde1f3d9eaeb56725eaace3cade3a32ba4,638,226,64.577,493,490,id-verifier,d6e9220deec7feb4ea9bdc31a04b25dfa373c6b481a654e876a45e066ce78ac5,414e1dc5fd1275dd28b8be88c8da0aaa014f4eaae6729b709faa119d4c87890c
image-views,pass,d7b5185762e33e908086a9df810f6e4b5ca903abb68a52f5f231dca79bbc24ec,529,265,49.905,528,523,image-views,813cfdb754a7ad9b881251fe0d8d1586b751e21de5a24902224ab3560ad2fa5b,aeb9a17799e50b8ed0781daba4c042e398e8766e26c6e51c8c52e3a96b949b49
image-wells,pass,dd53ac20fb53540277a2c0102298085f37747eced9f94815129bb655e1ac0513,157,108,31.21,294,287,image-wells,4825cdff77ca601af22fea08fe0a004fbe7d3af626b98a7b9b104b4e395cea2a,a3122d0dc9224c0893a638ec1c6d16e0dcc7e024808d737cbafe4efa5a662c71
images,pass,6e0e09ad229ec0950dd3b9e3dbdbe8dc083d0503d87e9a257515a9aca1606141,2070,776,62.512,1476,1471,images,39756da298d36b1bf86badaca27e70e9cdd6e8a9bcac588dd75c0843c14d7f27,5c53562f2d8dec11133ae7a3fbe9aa78dc2899fc0069c3059d0c94bb3dcc45f6
imessage-apps-and-stickers,pass,d54700dfb6d48e3f0619e2ce37703bc3aa4f76d4a7821e98aeb1c12d0cbe24f8,775,306,60.516,647,647,imessage-apps-and-stickers,502d7e31a3dce0a3966b20ea2c8ff32979645e13decedccefeb15eaee549f2e1,b5d06fc9f1a597556afc08a876b007030edcb162b7ee338fcb6d66a466700b1f
immersive-experiences,pass,abf1c702224aa269153e83b8298c152bab2d7ab78b99e7bd8672292170ebf99a,2546,906,64.415,1880,1848,immersive-experiences,a8c0e70a73e3b0cc3c3494cece852fa3008e8f9cce31de955fa37266ce631747,7d1f2b7baf9ebb65e82121c0e7d41160a3445d33cbcd7540ba1332e86531d2cb
in-app-purchase,pass,629b8578f95c824ee5494a2a52dead1838756af12741c6a7b88c77ee0ae813d1,4427,1259,71.561,2126,2139,in-app-purchase,0a7b29883814f6ea312719f5a0a75aa5407238b30d2133f79bf8df6c9db48fb1,374082bc3f3354d61ee604424c0ad1e93f84a3df3fabda8a71020e7fd48b1829
inclusion,pass,18d6dcf08df246ccd50b21110ea5f2ced0c01ba08dd64f19bd78d024ebbb0280,2274,762,66.491,1187,1195,inclusion,266cf042591719418f73be015611f9ab8d0ddae9d44e7c04c01bf7b15a10383c,ab94a3172d397f21973a34ef3bd80319dcf408e4aef13e509b2a99ad733aceb7
keyboards,pass,3e37964504118bbca03cf899cf7b3d221fb2ecbadc6a402581c08bf1cd5d383b,2485,1291,48.048,2589,2600,keyboards,96850470425944fde6951dd9cc7b843bc60604f509252902c6ebb0326a46b6c1,ef81add8bc05d6f5d641814e936076fd44400b45334160841e83c16e12eb8dee
labels,pass,406769615306e4972abfbec83b8b4cca818ea82fe1311567004af37dc09f1156,589,320,45.671,963,942,labels,1afda93914583e8d23038eb6c7f42b2feb81b9aa023c275106c435ae84df8a79,808feaa4c07688eba4f91f8711695ef5869694ffc8b15e9dc2167a76be041738
launching,pass,3992b15abf8140c2e402953a9074be3a17b35f00eb4fd9d562a04df5cd28dfa5,740,306,58.649,606,607,launching,351b27cf25561c7ae19161cfe8b0fbb3678c782c86160256ad2ede101cd803c3,38291e5bc0ab9b623cdc831f1b495abdc8e39b4c3501a97a499099738901e2cf
layout,pass,36d951ed29be9e7564b9b01c7b581934213e541dbed54c0330fd85363b31dd16,3151,814,74.167,1652,1620,layout,3af3927b94f39ac2f4aa168c4d4accb2a7a07cf4c3584c778698f0d5915c641f,d41f32ddf76c597f0edd54eac361fa294a8736cfc4ccc627d1709fe092ed7267
lists-and-tables,pass,992d195c76c3ae6a997a82771ba24e4e866d408f2f15382399e1d90bb1bb8f5a,1267,435,65.667,762,750,lists-and-tables,3df2c389bd760e68fbe0be90121f5c8a330814828ca99a911419c6816d1e4323,7abfc703aad0db86267b53942594c48f9ffde84a8d76646220524193a47e19db
live-activities,pass,3578db24fa0ae3ddcb15f800e8dea79576bbaa7baabbb242fc408a748971b046,4772,1363,71.438,2232,2227,live-activities,7e2ad25f9a6f1e1387d7ff0aa437cdd01f7c438570523a29323acbefad0aea94,f9b894e9a5044d01fe2ffd100700eae14d4b6b672927e3af3b58ea47ca69a279
live-photos,pass,5e5a701269254b1544761a707c18c9ab8aed59f22dd11382e29321e95567650c,468,184,60.684,409,402,live-photos,d9228d596c2a38aaeb1ccadb1b6c81a12912cf06d479e43b717710219bc61de0,03e25b2971e1a6fbedd5e00841d087af0fc6da164b8b03a24090415f4e6f5a5d
live-viewing-apps,pass,ac55afb9fd9184a8dc5e4ec159604e3f262b6431bb26fdda3dc48ac1a5b59a47,1031,426,58.681,724,723,live-viewing-apps,c4dd91150d8462d6d540e86a383d2a9c9e04a6ab84fa28ee369fc9884da8994b,5b68d9d2f35dce32c497a59653b380fdd55b3213bae00017824aeaecd1c93fa6
loading,pass,1bc4db3c9749365c8dbd8657bf63a6e93ca18915c640bbf6fc6a696b8030c713,481,196,59.252,435,433,loading,ccef3bea902fc7bd999e758e3700a7f0b6501a6b3e313dafde9e30e2bf78fc02,83c69df80cfafd72b1a317d82521f14dfdb415530cdf37c290462eb28673b901
lockups,pass,1f9486c9b6638ce303d309b2bd89f8f18ba32e08808c94b5448de16b8b472536,560,284,49.286,661,653,lockups,528789783d122ebbf7d97703472cb749b43a55fe89114ca282e814f68a580a08,b92d764c15ae6d7449bc18039f8411e2eb99a8955c1bdfe19418ded071b9d35c
mac-catalyst,pass,0e147b4570c96724e1879f2a02e132daae1baa593851674be0e32a1b7e0d9915,2058,716,65.209,1106,1080,mac-catalyst,9a23fca563cab527f4fa2e43f4272759893587f8506a09712988edaf9b12caf2,f047d3ba169717d807ea53f458e74d0e1ba878589eaa08f38cbe5a120dab753b
machine-learning,pass,3b0bb7a6decec7bef179ee63ab72b18ff321cfc8402068ed491fa79a54870829,6140,1787,70.896,2504,2511,machine-learning,cc2464408f16f899703507e2a5749bd63165c811a20460c078d586eb9d4669dd,a179227bcd89dda454c5d932b7e40c55b1c4a488595a1cacc883d1732a0ac1d7
managing-accounts,pass,623875b573635425c2834c8db5ce3b628a85249a8f7c6abb29bcb06f45bc9407,1263,531,57.957,911,909,managing-accounts,a443e90247784790461ece89bcb1cfd1b443cdea842af9e6a40d50b8cdc36b73,61dd8f84a85f37a3a0e0d2f013834116059616c5d61d6be6b3c8c712a85cb923
maps,pass,dd6d8798a01ed28dd7b997a4fe707c1a0406db64ccb8bd8f3f0c2a19f6cdd2b4,2824,965,65.829,1675,1674,maps,e5ca5a61c2edc4dfaedbf5a3cfc27594232bd1f9caf1521be9507f664eb72e00,6dfe6a420882e08ca3e4ceba718fce1f2f7ef77c3c90c5cc81930e2fde7fa153
materials,pass,fb8507554daec72025fabb542e47819ab09953739566b8930ddf690e99c6b30a,2305,654,71.627,1579,1548,materials,690602d75260fb12fb736a3ac5373a46a0c21290e5ca2119fefa03fdf3bff742,597da170985715de4bd8446df12e3604595e634a790b5da0ce6673d2b2327ed5
menus,pass,62323f9ff0b61dbf3d890f03d53d48d7efd71e75f305fba35220f65c294bbc85,2373,688,71.007,1181,1183,menus,6ba55ff22065262b7bc0aa0a9f8df934e072fe3d335474f46073dfddf6b090d0,dff423968b85e717c175a1999897224e6157cd7ce2f5907d64bf93088532dcf1
modality,pass,9a6d9fafa64fe48a8e7457bfdf25ef3f6ad6546a15360651928a099431656025,826,303,63.317,704,697,modality,d8d5df6a38b4d63325f7bec2dd3552ebc464bec0b1188a32d0199481b31df7da,79f76255705524952443c7ef0aaffaf6285142d0fdcd0a0ad9be4b1c3181e5be
motion,pass,d30bab95548b51eadf7aaf62a9ccd6a67acb3732da0fd43aa2692ed6d747d7ea,1144,388,66.084,691,688,motion,52843d680c67f4170114591e5fa1af30baf4db5b025d602527869ecd04fe5bac,957268c323af4617dabb6c0449d0920248c995159d54f76c691aa180ceb72a61
multitasking,pass,4b6990d22b285db4be1c804630b57785eef2cf245644faa004e1133d0938db37,1241,353,71.555,628,622,multitasking,930cdd6f90a58473f5f751d15403376399825949cc39e8ccacd02fc05f3f2281,915a42ff8b68aa48f7a489a6abd16b160408672c628ec731cbd14932405de7bc
nearby-interactions,pass,ece0d786f2070b2cff66e9cbb0ee3c5b5a59d49ae9d036b49640cb8b4df29ec4,871,384,55.913,599,598,nearby-interactions,ddb79e291daf38d0d9439c61b570b4e58bde5d462c2ad3f589718605b0005eab,fde16c0fea2cecff22eb1d04be9b8deef2a9568f9164f91783ffd1b549e1ef88
nfc,pass,6900d64b1946bd36fdf71fdcfd3b998464969699938151e209eaefa27ca28652,534,304,43.071,521,517,nfc,23bd2753f668d5be2855bd0663f3361feaaea78e4bb0a7bd0b9763a2c883f782,6d7528d790b0b66e8eaf568e53f6a1eba3786eab8a091566b47f7294f700ab4e
notifications,pass,880ff36c74fb95a277afb537eaf4bc97414cebae8867d1b366a4826a0650701a,3228,1041,67.751,1649,1663,managing-notifications|notifications,0412850e71f129afa900ddc84096fb72523cf0bfe9d9e5a33d9c9d58be59cb17|55664d944eace2ee919b09efc167047d5b834786704c8386865406564bb6775b,fa6df9790a888d432270ad26524507ed9336035b30187c3449298ade05fed9dd|f08e0b107376688cec5d150cf66890bc519bf5b312facbbf4ff40fd450e389d1
offering-help,pass,048edca2989472b8b5b69ea3907ec02854ebe721ca8745d838e967892649ee88,1301,487,62.567,891,886,offering-help,60bfe09cf04399132ea43d7c7acced73986a1eab86c74c58b274ddcf862b8678,b919e851612580cb77c29e8e43214d28b7d3bd3bf3f643115e2ce200a3032b38
onboarding,pass,17ae7f65e0f1f4189c7ecf1f1a7a1b7da8c9988d4422ee1c6e65658994e6c5c4,719,277,61.474,566,575,onboarding,f9f50c0e49023defb35ca941ba962ee20edf7ca8fdaaa3c1e8c150072ade7896,9a85ebb1e3dd275d5f5dbfa1729a2e18429960fc26f5273921a68dc5b323dcda
ornaments,pass,01a62fb1b9d9aa944e7c757ed290f859a7c466e5bbe423aee4671ce8806187f4,479,187,60.96,397,399,ornaments,36d5e9b1b9a93b4bc125b3d4e83d086de7824f91be106768c5b1466fe3d2b0db,572dba66383e71140c2a99cc5c2e3404c0e2e2baf21f3e298e97edb4bcceb871
outline-views,pass,204f55ca696854aeacf2afa369d922c25545c34c28ee89ca24fcd5caace8b4c0,668,272,59.281,495,493,outline-views,d1963dc2eb81cd4ac591f3ac55e3ea8ddcc313558de99cd7424264e30619f798,bc250fe2b268d1e4835539e19b484f39c4643ccb1646c847fc367032da1abce0
page-controls,pass,fbb1a40b9961cae5dbe71e9e9352d63bcb88226c1a6042918cd5b667f7c0d7b3,1403,455,67.569,808,810,page-controls,4fc17b1e077ef6242cb4311d0c3ad72dd8f01905b050dd28c4a04241fb82df76,55f462ba56c3684c03d3a50cbeb97c97455ab77c27080c15f3aa89905933478f
panels,pass,a52587dbb8e5c2f9f62aa5d0ed00f1c8f44452c73bf00f2ae2a3ef952d2e67b4,876,348,60.274,605,610,panels,3316372d42fc78835d43c88f7a81c85aed81a7a1b96c9c6eda7791a32f2763af,550616a3035d4072d138434de7b44e5cbff04d11ff3de82fad51fe37b1edc072
path-controls,pass,741f2b026de44610b6662b1254a5e634dbc7c1b655c179bfb59d37f5a8180fb5,332,190,42.771,389,385,path-controls,069b0b9d28f92fae4425733c6f09c1c9dc305fcea2a7841f71840ca44cf97859,2048f8d82d124f2c78d4d8442fc82574a1410e39a585d60e5af663ead74aeb23
photo-editing,pass,1fe236ffad7c9deff2aec35b27a8002cf396e25e34ab09b4e54a899ca77be0b9,307,210,31.596,399,394,photo-editing,3684374f02b5a816c4fed977b115a41d4829f013921b4a6b2f9b90b814a96054,182e352ce445d1e0ada02d3f00449fc73155d290893b0347c8c6dbdc6cc3d149
pickers,pass,4910976e3f37cde8b0fe49f56d4e736f771a131d203c267193589a9fc60f31da,1096,488,55.474,1012,995,pickers,811bcd650f858784c9d96239f149b38786c30fdb23d18f1e87d7432e098291e2,73d7d22d7a21124a52832ff09c887f54d191e3bf2152e20f314ca3558288c5f2
playing-audio,pass,ee1ca783ab313e35181c0a3fc618782a77ea911492ad13899c7e81fec875f7d2,1979,778,60.687,1268,1277,playing-audio,3ec31f1233a1881792d6a11c37146574af63c5b29313cae8c192c6a680173601,9c63454e50a9ddc656891e9dccef1e889bfa8b8124dd3f27d00f4b2e6610dd76
playing-haptics,pass,51da026136540f88d89ce440dab1271d32c7fef076c121cd064c79ab09a6c97f,2140,599,72.009,1272,1270,playing-haptics,4ab90aa70514906f50fa77f6455adaf7189e9ae030ea8f4de41dfcf5f610b3e6,68bab380a07eff7aa471d589565891bd904d4615bea3629766d4b7a11ab5c5ba
playing-video,pass,d041e34835e7c1e71da01a4730a2fc1355495687a31b2f9c18585798d26557f7,2540,837,67.047,1698,1675,playing-video,0fc81c89da9f210c53c66a982074e07b9f6ffe741acd5cf1eba1d479ac19be70,663f56b27a4a5fbc7487a2679e322b2eca113d2d5fadd01d948415768f1f443e
pointing-devices,pass,66d8670721ed894c802ef0e6e4632c435c0683771feb2a52a423841323c128a8,3700,1246,66.324,2003,2007,pointing-devices,d65678a4857ecf30a2350510743dfd5da2f3d2bf9a1200d2892d5a130cc56a2c,06001b6feb8b9ab4544eca1cd4e98adaf125ba9d79475b6039887efa7e934f40
pop-up-buttons,pass,4e1a1b7169dc6a072f2b14d136d1c6c318f0090f8a4c96c11091a3b12428495a,460,239,48.043,557,549,pop-up-buttons,939750654d489e88d673bf15db6cdde2cd03ee030aa66d164fca3c9781107437,64ef3e8079e3a1dd2742d377fbf98f7d141cca8798d2dd1985f71b5c24043a4d
popovers,pass,fe31fa588ba67aea7db97054dad84cc5b07e7a5ec05593466fe6494884520973,750,274,63.467,539,532,popovers,df36e9db954a447302e966631a407b0dd42544e5c7ecba310cd766c6d737559a,83999a347d3632cdb33ce4414ab97357ae2ad83af041e0f42fa2a7d861482eaa
printing,pass,d0085092ef4682a2ff303a9d14c81867b2568f952f13703a66ed568018ca136c,506,232,54.15,535,526,printing,d603bcfb2fcb7ae6c1d97332f9cd47cdb2f0c00f2c57e43073535871c8085f89,8cb877a88d268a02b93117e9fdcf19d4f36f2cab00dbf35b3945ff2760184b1f
privacy,pass,827ebf280cbc74ebc9aef622903a87fa9a21a69735c40f030f3853d7020f05a1,3089,914,70.411,1497,1496,privacy,00cba7ad97d7fb763623a3cbd99aed11536fb530d60e3b6eeb1b8b9dac3394c7,df3a543792a763a141ccc6eae59e94615fb96d6e8eb6a65f2f1a92b4ec80ad2d
progress-indicators,pass,6a64ce3b1a48880d787f4aec0e0fde55059a6429cda0fbd9ea785c91b22f3cde,1143,324,71.654,633,633,progress-indicators,80de5d0db3ebce0b0e9b36c3a227363c4c9073f669b65af1133e874d35e5c62e,76a299d47f154a13b38568a52054f96d5f784739a6aecfe1a82d6ff3a042aa7c
pull-down-buttons,pass,d6b4c51a1d8024c6d45ad3392ac1db3d3425af44c30239d254b9294cef5c2e91,698,250,64.183,489,489,pull-down-buttons,035af9fad5b6c15aaff9e86ff973221e5599d0a41ef1cdfd0eda284c5bc58fb9,9fc61775c9f36daaff05f16caa8a6063237d0379ca079a2d0a45a7a4534a37e1
rating-indicators,pass,9a928c76982764f6e962ac936ee2407f9c0facf09edb028da436becc0cb27078,172,136,20.93,322,319,rating-indicators,2f1ed8c2df12f1d8798fdcc8603d04cf4774c4fd319b8420f4373e25f394ae2f,57b373bd44c03e1e294c4c5d0d701a32a9a6c22eca2022baf65ac7f33d789bae
ratings-and-reviews,pass,d4dc5b45d218f469a7a06ff1b0aea63cfa667d18121e4001996d7c25f9180bcd,532,245,53.947,463,462,ratings-and-reviews,37c3066f3ebcc55026dca6143e6e8a306e230ea6a17ef5ca7eb9438ae92c331b,4a8893daf794573380288976e6f6349228d571cce7b1b197be179dade1c527b8
remotes,pass,bdf90666be2cb7092efaa6d39f3a6131fe9724f1563304a3d696950f1a14762c,1010,355,64.851,690,689,remotes,1f0538c68342bd049e36a701906ac1ae78bb0631fec8296868d6af899f232fab,1e906ba4702ca94af3a6a08dcbf453dbdcbc93059b72a0aabd16ff3f725c84bc
researchkit,pass,8e0e116346a80eb1959fde0f017c82d82386a2f47a0fa01bd4d88b03b72b6279,1534,499,67.471,809,805,researchkit,e4aab24a956c75dcf77a5649102a6ad20449dc69cdebbec0599c473d3f919a90,2a71e66fc5c79e62fdf55141eecc855de44f2408c363fe9f2f5c97060c3508bd
right-to-left,pass,aadf392fc1856c67501557748eccedcb04aa93831b924af42d8a82632defe746,3640,616,83.077,1025,1018,right-to-left,0d31e882f0161703797e3fed5360bfce37288110aa8a4d1f7a9a3d540c54cb66,a4abb92a2a5c07d96a2f66d61b75decf5bfa11c40b7de84f4bbf765dbb13c505
scroll-views,pass,d02d96628b7e24cf4c8813f7c7f3fff39cb256a9f20f1147b4477a5331d53e05,1974,590,70.111,1004,1002,scroll-views,fb83a3e15287e82e4404c98a19184d07d600dcc3813e37e4a98d62e1b14da335,fa99110bf671741536de552c96154c6b6fb447bdce754b9b55c3536b4deae8e8
search-fields,pass,e67d6f02b50492e9ddb48edbc08e757c32bafa45d4aab7b33781bbb58a28b509,2295,784,65.839,1355,1332,search-fields,c65c69f8128a11f32e766ff9516dbc051847669bd2ebbf60a71b59f90058e68f,57ad53c788667b8676c585a5c6ef7f6bdaa297dd0a206f9e6606351265045bbb
searching,pass,40a9afecd88548ff61fa88e2c2a3205df4d05645da08add2e4a097a12eb9a28f,678,289,57.375,665,652,searching,0ea19600d3c8edc0e27eac2702839ed9590e02f326821a314f30cae9882ac178,e88879b435c2746f33924395f9992adc052177adac4bf037dd923034b1b996bd
segmented-controls,pass,9e6d1d53b92c7862824c656ce43b2ca1b4db4ae975957c5d7d23e1bb3a1968c6,1058,298,71.834,614,608,segmented-controls,7d44775227dd4e8979bfab710752cec627fae1168d48a9161e83294843b2c66e,58316edb97f3e1b141e4c86d4671ebc994f5feb68576379f94f5f4be29537d88
settings,pass,1c1bd2f40b581219e7f9d45e7e18a9791bf94fc828aa3ec768b40fdd73e8c5e1,1016,339,66.634,693,691,settings,9e768add8c53ee0bc4fe4250207b612e69c9b1ac5989f8b4ee0b43e7f65a756a,c17e9a542a806d828ef5bef1df044cee2c2c135f96e8d0c591d873c2507449cc
sf-symbols,pass,1f5a20912d86d318064aafd03a733d29cd08ddb9e5f39701a00bfb7a0e2860c8,4681,1189,74.599,1974,1967,sf-symbols,5a8e66c3e347f5e176a14b797df16781404652f0e8aade9b3c600deab1dbe2fd,d3ff4da7e459220e802db3aa6450c5b0163634975b01d6073f44e77e715a4ffe
shareplay,pass,989e5b37591c2898522d4c683197c0e050d459812c266ac3aad66a825bf68d19,2488,906,63.585,1406,1410,shareplay,34c8d4dcc9b6f4cba9245ad24e7c28aafc38116dcb555938b900d62dd7468e55,b8801258811a282267cc8b8a68bc683fc6b3ed62e5b44da037afda29eda073c0
shazamkit,pass,70232444cb33d75f85803fc61b01446c8023c4233c9d0a387f146a0aa834721a,329,161,51.064,337,344,shazamkit,50db5dfa3acf865bb66f1fff1d275eb7f1bb382d017acd4fc375c485047e8920,5338d913a6adc4faf1be9f023ee3941b1d6c8faba2b900f78e280ec4b56f2b78
sheets,pass,e405a03fd194c4168b62019ca892a85409a32a7ee532ccf19f5930bc73beb5e7,2204,617,72.005,1087,1071,sheets,3453d993f90f06f8ec3bec9daebe3ceef1f0669c1ddb88bbc26cf31f1e049be0,3e1a1accb148d23db5a74907b56438de35cdafdb1aafcc12722c7097d7829459
sidebars,pass,004fefc802d2261e9a536f024e6f4d97ba562764720b8727b5b0ca825db0f045,1096,427,61.04,801,788,sidebars,f7714f095842e32b9d37e8c010ff5045a37204612af878f4821da0ea8bb8dc49,5aff188db0d343d4286e15a8ed6a7baadef4cfa60565ce374be0c51aae64859d
sign-in-with-apple,pass,479e078a58327b223f9ce13ad9b1abc4696ac1b4f75819af81b097a9e97eb4e2,3589,1119,68.821,1727,1717,sign-in-with-apple,b9138812bb2d49b410afe1d9645589994b93d606c4138c703639b1b3ee0b7e84,c07d0c3f32211522d3e084567c086fe29e65f8fd964dd2440bdcbcb0d2d5bbe7
siri,pass,db528870b4084b55377922ea3267a96407fa89fa67685018766445b2742085dc,1865,620,66.756,1143,1172,siri,b3c747cbb38098eb3c95ad5a35b4896b8c15506ec625b90821864d116662a16f,fe14c4b871727adb2d3014ddf9222b88057db7eb9bb8b688c23de3dee634f3b2
sliders,pass,7c451cf49d8691ba9ffc4f9121b055de5307c38806d8e0d5bc5e9d313715f8cc,1010,302,70.099,540,534,sliders,b6312e1c078f6d9593df8bfcd5e2304393169da782825d209a403fa7b5b4ed8e,d557c0acf0362a586460bed995d1fdc6a605117d5051d6d4dcbe42eeb27e273f
snippets,pass,67054baaef21768833d9dbcda125f71162d6a5ed814251973e2b82ada6d748f1,809,337,58.344,661,659,snippets,b8b0c91b161d99e755910019b572feb2b7ed2af854377ceb03ddb51fd03d5a21,32af5833181b26681cfa8c4edd5559f94e995c1e6e870b264c97bbfe7a3eae5d
spatial-layout,pass,e63fe23226db94c79f34b8fdf8ff6d3d35b9e3bce35230c9816b00f40ef06665,1727,647,62.536,1251,1250,spatial-layout,8188b66f8c734043312e329fc2551183c596e5614fe71c75d315ce1a587d5bae,146f0f556fbba1218a77339dd28894af38639d384503c42720e800d90846ec30
split-views,pass,1295afced61a77cc1dbd36f0655f52be925cb6321d54e8f7648261c877c41521,1116,414,62.903,780,776,split-views,7e52ece9f6d0b51a099abaec8c64907ff6ad737f33aa3e60be151dafa16f8902,2be47ad6548b556f28d735dda7b38afa34efec57ea2037b32ce80523ffa7eea7
status-bars,pass,44fa6b449a9cf812bed0ccec9f8e8b4c472ae196e28190468492c991cfa9d7a0,362,146,59.669,409,395,status-bars,ef2768097a21d8cd85d7c42b19082e1794b405a4b593d847cac46444e1f2b77f,bd387b95bf3ebe254e9f113ed5f75ddad579b180b3b40e5f1767782f50d48792
steppers,pass,6a4affc9fa9f578083fd5bb3e2ada80d74720e72456ff6a8eb1c4875073f4060,235,161,31.489,386,378,steppers,eefae2c6b6b5e5fad2f648e818f97354df70c41e4a4954a71bc02e61e239f381,4eb9f69ba9f3b269a0024f4037f2835c50eac59d34acd3ba6e9a41921fe69d68
tab-bars,pass,384e3d2ecfde566b797c897d3beca4325d9702b0d5888fe2b800e2c0e92dce89,1797,534,70.284,1237,1226,tab-bars,81cf9746f3c7136ddae00399ae405db665a9fe87b0cbea0992dddba7d10c8364,ee8a00113ffaaa45603cf4ab42d175a2a399732858b45cab890157e457c88088
tab-views,pass,d60a3faec4a58eacf799fcfd508f9fc5da645f00ad54ecf00ff981546ba38f3f,530,256,51.698,537,535,tab-views,9d7083e04e32abf24177e5a5b109f568473f6cc4bbe1b875db135051bb0ac5bf,9f63190111716fc0b57437c11d820921551cd6843d982d6c2fb8b485879b26ee
tap-to-pay-on-iphone,pass,736d4186692db34568ab0d6769685ea56b9e7f7a9e642e443f892f9d1c4a1a73,2729,972,64.383,1606,1581,tap-to-pay-on-iphone,1485b5f4a1a3d87a6677639756250d2ac44a2b4f75ed46bc951174cf38f13abe,1e5ab813ebedbe97fd909f3e468eaac469f6a0d3a1543b840d279aca9b2b7877
text-fields,pass,83c1a675f75c53379635ef0b25fa26f224be9d9978bb229b136894dfdc27dbe7,889,330,62.88,611,602,text-fields,50f163fe37faf56269dd1cc8688ad3b1f2a5b77e043df954650f6d51ffa033b1,18324cc7181a498b9324a1980231260785ee427eb9ae48f775bfa06a96153d40
text-views,pass,3dcc1a816206c377cb0e87c37d6a2e162450182b9280a7823b13553d3a14e82e,349,225,35.53,553,540,text-views,aa894de0faa962a028694d04bfe81813b5b4edd8416068b965e76171c25a882a,a0e011df816d22db83719825572cf324b4ea9c737862e804c62484330dcc701f
the-menu-bar,pass,27649e3c7bf54de235c5744a8563666f7a1670b148af0d9ced5cd95c1eb1fcfb,4244,1862,56.126,3022,3020,the-menu-bar,73f115800ea2359a62980d77be426a9775409bcdbdf083eb5be6c867a1f9c5e1,49021cdabc50e3cd7a0d0daedfc7fe3175a1b3331ce5b836cdf759183d5c7f46
toggles,pass,9563e448e27b56578c3e0a20eead96e752d99da606395503d96275b0b1b19a4c,1642,529,67.783,927,921,toggles,06db03d43309ec8ffe89751bbf55ecc79440ae6b702bb54bb2f2799a34c34227,bed6ecd8ea69e785eed940803ae0cfe12f6b2120ee1072f5b6b34d1b618df753
token-fields,pass,a99e3768516edc9496bcf9bfb29ef6e47bee3d2e889808e839a0588659d764e5,360,183,49.167,443,439,token-fields,366d2cfde726abbdba86a29aebd332b9b3311c95d2bdeb48329c030286d74f5c,afe7eae105dbab556f8fa136c1988720a702134b47c16469a2186f3742d34dc2
toolbars,pass,182c6204b364feacd1ef3254346c987d04f8d20220934d3e4a568ff8f8b774a8,2984,768,74.263,1396,1378,toolbars,8bd4be5ec66b61b710b61d6bef69940c0b5ec6d9670e9ea14d15932a1157884b,4f1147642ab0561dcb2d4b074be970a537e2072be41e061314d1e234b4cdc6f7
top-shelf,pass,c308a8b789269eee8f21736b86ab99d180d7765d3b7e458a432d18c70499bc7a,1544,478,69.041,995,993,top-shelf,2467987641c209425dc3614ac6d3abd8f4537606b62653d7e07991d901a26d0b,6fed7d0b7496558c128180753234d214026c0faa5d8d1994d6ef16d397474bea
typography,pass,48e414a7cf86918b14f4d21234b4bc1e36de50952a46329479be08829bdf6db5,6856,2912,57.526,6266,6208,typography,e38ed6931bef585e25e7668a5325e14a705da8daf9c629e092c342d422abf210,85bf7dc78d41a6e5e16d4055f3bdadf7bac4f7d5cb2206514c8b82d5d24631ed
undo-and-redo,pass,3d9c18ef940b87b5f49671f8feefe52ee0f1da624c410ab3ca4e6d6e1100c3d2,677,221,67.356,583,580,undo-and-redo,3f59978e26c1ccc76956e9861527a3c17c012fca696795293c9e2d7e43080674,f876432967988ac2cf71bd79af61d1240c7b9ea6fe856747382954921f70b4d2
virtual-keyboards,pass,67179bbc60ebb95e39e58e022d1f385b7206c62dc3674f309afad6378540d652,1873,555,70.368,992,984,virtual-keyboards,5f670174bded1eff508dfeff086ab7352abd5e3a8f58ce74f85993d0491a46b1,6f5e2d364bdd50f7ee473b0c6b23402e8ba6ba6bda6666b32f8f9d8018cb6c34
voiceover,pass,68c5dd2931c9e12c82e86f089b7d81634ba1922def614313fb22d4d35fa4c208,929,323,65.231,629,631,voiceover,5d33afb052fd209855787e6f84f7b85901ebe55d2187dc1f4c8bf07a5341b735,859dc02ab9ba87dc545952d8f8077cf94936cd9f49f491d2e765c2425a6c76e5
wallet,pass,59cecd6a80764d2372a1da1a92ab0b9c11a1dd5abfc5c5846cde0ad1403f6ed5,6532,2196,66.381,3338,3369,wallet,75df9cb78425dd9d1c25c6a4634b573f832c0f4be9f26c009d458cda78ebeec5,2b546ac000dddf10010f90f10938012f97356cdcb7bff18668b42153ecd3956f
watch-faces,pass,b5a72d249a2ac03e77988542f857e70c272945a6d8789d9f57e57ee850409ed3,565,216,61.77,443,445,watch-faces,17d7bd1dff79fd3c8c8304e4cbdad42302e3535d7b351a3295e3e97dc2f12568,f52fe24a93bf7943b190a1a7fe75f9479c081242b3b75848989da6b6690314a6
web-views,pass,2d68bb9293f900fda92d54b2a576ef96fb79f6bf061b5b02d1344156183a53ae,177,123,30.508,314,306,web-views,672bc6924db0cb53df12a052c25fcddb8174ea87467ad67002f109af3e0a9f10,7219049db6cc53cafe303ae5dc430b0717cb79660b2e9d3763a649f55de82148
widgets,pass,ae7b515af50216b7e0f00131bbedcb4944bdcd7a7cbb539a8c066875d2178afe,6684,1873,71.978,3455,3458,widgets,4048a9f4c1d00b5746733ccc00cbc0863b4f9bd7435c4f36371dbeb73b77f15b,31bd8239f7bbd95985d426342b0329ff78b781e152e4200a3e1d9c7c4bd42613
windows,pass,bfaf1fabda9f3f4f7285e6177ee9e9097101411512845b5884b011eaea90975c,2639,833,68.435,1376,1382,windows,ed06caac0b591995c5a02b61710f47e1afd9e188c352437fe313895b2f4abf37,1da7914a4b33b20b55cc7558d004f5017300f4121c2d7fdf05ba79517073a220
workouts,pass,3cbf65d70016a44dbbf8dbbf3f45ad378196f8f259b38ecf40a9cce9adfb78c9,840,335,60.119,576,578,workouts,ce7af293dcae767eff99eab1aeee836d442808aa1f1b891d381b6431e98eb14e,a44637de85333370e6f43da835ee69a7163fde8695c9287b0f7ca14696ff5af6
writing,pass,f31c21ba0575a2429ca07e96b16d5535dcf821781e86e6a8400c619c57feb90f,1562,551,64.725,922,927,writing,a9222a987c47f00279f04d10caf59c33c3dc62528b3b211f89d3abbc73c4bfd7,3c32e5d0b6dac0a2ccef96d96ea8a3eb62e425ef319fd065aa6e3010f93ea149
